{
  "batch": 2021,
  "category": "School Supplies",
  "firstname": "Redgie",
  "lastname": "Gravador",
  "email": "redgie@gmail.com",
  "what": "Pen",
  "when": "10/3/2019",
  "why": "No ballpen to use",
  "status": "approved",
  "statusDate": "10/3/2019",
  "dateOfSubmit": "10/2/2019",
  "username": "gravadorre",
  "isGroup": false
}
{
  "batch": 2021,
  "category": "School Supplies",
  "firstname": "Redgie",
  "lastname": "Gravador",
  "email": "redgie@gmail.com",
  "what": "Bag",
  "when": "10/6/2019",
  "why": "I need bag because my old bag has been destroyed",
  "status": "approved",
  "statusDate": "10/4/2019",
  "dateOfSubmit": "10/1/2019",
  "username": "rivasge",
  "isGroup": false
}
{
  "batch": 2021,
  "category": "Health",
  "firstname": "Geneva",
  "lastname": "Rivas",
  "email": "geneva@gmail.com",
  "what": "Neozip",
  "when": "11/3/2019",
  "why": "I got runny nose",
  "status": "approved",
  "statusDate": "11/3/2019",
  "dateOfSubmit": "11/3/2019",
  "username": "gravadorre",
  "isGroup": true
}
{
  "batch": 2021,
  "category": "School Supplies",
  "firstname": "Jessa Mae",
  "lastname": "Yosores",
  "email": "jessa@gmail.com",
  "what": "Notebook",
  "when": "10/25/2019",
  "why": "I don't have notebook anymore",
  "status": "approved",
  "statusDate": "10/10/2019",
  "dateOfSubmit": "10/2/2019",
  "username": "yosoresje",
  "isGroup": true
}
{
  "batch": 2022,
  "category": "Center Supplies",
  "firstname": "Kyla Jean",
  "lastname": "Dumaguit",
  "email": "kyla@gmail.com",
  "what": "Door knob",
  "when": "12/3/2019",
  "why": "Door in our room is destroyed",
  "status": "approved",
  "statusDate": "11/28/2019",
  "dateOfSubmit": "11/15/2019",
  "username": "dumaguitky",
  "isGroup": true
}
{
  "batch":2022,
  "category": "Center Supplies",
  "firstname": "Martin",
  "lastname": "Amaba",
  "email": "martin@gmail.com",
  "what": "Broomstick",
  "when": "12/5/2019",
  "why": "I observe that we lack broomstick in fs group",
  "status": "pending",
  "statusDate": "11/25/2019",
  "dateOfSubmit": "11/23/2019",
  "username":"amabama",
  "isGroup": false
}
{
  "batch": 2021,
  "category": "Personal",
  "firstname": "Redgie",
  "lastname": "Gravador",
  "email": "redgie@gmail.com",
  "what": "Cellphone",
  "when": "11/27/2019",
  "why": "The education team has discuss and decided not to release the phones.",
  "status": "pending",
  "statusDate": "11/25/2019",
  "dateOfSubmit": "11/16/2019",
  "username":"gravadorre",
  "isGroup": false
}
{
  "batch": 2021,
  "category": "Others",
  "firstname": "Rangie",
  "lastname": "Laurente",
  "email": "rangie@gmail.com",
  "what": "Court Fee",
  "when": "10/9/2019",
  "why": "Our sports activity is fast approaching and I need to payment for us to use the court.",
  "status": "approved",
  "statusDate": "10/7/2019",
  "dateOfSubmit": "10/6/2019",
  "username": "laurentera",
  "isGroup": true
}
{
  "batch": 2022,
  "category": "Others",
  "firstname": "Alex",
  "lastname": "Munoz",
  "email": "alex@gmail.com",
  "what": "Basketball and Volleyball",
  "when": "11/28/2019",
  "why": "You can use the old balls at the stock room.",
  "status": "rejected",
  "statusDate": "11/26/2019",
  "dateOfSubmit": "11/25/2019",
  "username": "munozal",
  "isGroup": true
}
{
  "batch": 2021,
  "category": "Center Supplies",
  "firstname": "Redgie",
  "lastname": "Gravador",
  "email": "redgie@gmail.com",
  "what": "Tabs",
  "when": "12/8/2019",
  "why": "We lack tabs in block 1",
  "status": "pending",
  "statusDate": "12/3/2019",
  "dateOfSubmit": "12/2/2019",
  "username": "gravadorre",
  "isGroup": true
}
{
  "batch": 2021,
  "category": "School Supplies",
  "firstname": "Redgie",
  "lastname": "Gravador",
  "email": "redgie@gmail.com",
  "what": "Bag",
  "when": "10/6/2019",
  "why": "I need bag because my old bag has been destroyed",
  "status": "approved",
  "statusDate": "10/4/2019",
  "dateOfSubmit": "10/1/2019",
  "username": "gravadorre",
  "isGroup": false
}  {
  "batch": 2022,
  "category": "Others",
  "firstname": "Alex",
  "lastname": "Muñoz",
  "email": "alex@gmail.com",
  "what": "Bolo",
  "when": "11/6/2019",
  "why": "For our NSTP requirement.",
  "status": "approved",
  "statusDate": "11/4/2019",
  "dateOfSubmit": "11/1/2019",
  "username": "muñozal",
  "isGroup": true
}  {
  "batch": 2020,
  "category": "School Supplies",
  "firstname": "Cristine",
  "lastname": "Requinto",
  "email": "cristine@gmail.com",
  "what": "Pen and Paper",
  "when": "10/23/2019",
  "why": "No more pen and paper to use.",
  "status": "approved",
  "statusDate": "10/18/2019",
  "dateOfSubmit": "10/18/2019",
  "username": "requintocr",
  "isGroup": false
}  {
  "batch": 2021,
  "category": "Health",
  "firstname": "Geneva",
  "lastname": "Rivas",
  "email": "geneva@gmail.com",
  "what": "Bioflu",
  "when": "10/13/2019",
  "why": "I need bioflu because I have a cold.",
  "status": "approved",
  "statusDate": "10/12/2019",
  "dateOfSubmit": "10/12/2019",
  "username": "rivasge",
  "isGroup": false
}  {
  "batch": 2022,
  "category": "School Supplies",
  "firstname": "Winabel",
  "lastname": "Anore",
  "email": "winabel@gmail.com",
  "what": "Pen and Notebook",
  "when": "11/20/2019",
  "why": "We do not have any pen and notebook to use",
  "status": "pending",
  "statusDate": "11/18/2019",
  "dateOfSubmit": "11/18/2019",
  "username": "anorewi",
  "isGroup": true
}  {
  "batch": 2020,
  "category": "Health",
  "firstname": "Christine Joy",
  "lastname": "Olmilla",
  "email": "christine@gmail.com",
  "what": "Bioflu and Paracetamol",
  "when": "11/28/2019",
  "why": "I need Bioflu and Paracetamol because I am sick.",
  "status": "approved",
  "statusDate": "11/27/2019",
  "dateOfSubmit": "11/26/2019",
  "username": "olmillach",
  "isGroup": false
}  {
  "batch": 2021,
  "category": "Center Supplies",
  "firstname": "Grace",
  "lastname": "Laborada",
  "email": "grace@gmail.com",
  "what": "Pail and Water Dipper",
  "when": "10/26/2019",
  "why": "I need bag because my old bag has been destroyed",
  "status": "rejected",
  "statusDate": "10/24/2019",
  "dateOfSubmit": "10/23/2019",
  "username": "laboradagr",
  "isGroup": true
}  {
  "batch": 2022,
  "category": "Health",
  "firstname": "Joselito",
  "lastname": "Monceda",
  "email": "joselito@gmail.com",
  "what": "X-Ray",
  "when": "10/16/2019",
  "why": "I need to have a X-Ray with my teeth.",
  "status": "pending",
  "statusDate": "10/14/2019",
  "dateOfSubmit": "10/12/2019",
  "username": "moncedajo",
  "isGroup": false
}  {
  "batch": 2020,
  "category": "Others",
  "firstname": "Vanessa",
  "lastname": "Pasaan",
  "email": "vanessa@gmail.com",
  "what": "Late at work",
  "when": "11/5/2019",
  "why": "Some of my boardmates were late at work.",
  "status": "unread",
  "statusDate": "11/4/2019",
  "dateOfSubmit": "11/4/2019",
  "username": "pasaanva",
  "isGroup": false
}  {
  "batch": 2021,
  "category": "School Supplies",
  "firstname": "Yubert",
  "lastname": "Mariscal",
  "email": "yubert@gmail.com",
  "what": "Bag",
  "when": "11/5/2019",
  "why": "We need bag because my old bag has been destroyed",
  "status": "unread",
  "statusDate": "11/1/2019",
  "dateOfSubmit": "11/1/2019",
  "username": "mariscalyu",
  "isGroup": true
}
{
  "batch": 2021,
  "category": "Health",
  "firstname": "Mellyne Grace",
  "lastname": "Nadela",
  "email": "mellynegrace@gmail.com",
  "what": "Biogesic",
  "when": "11/9/2019",
  "why": "I have my flu",
  "status": "reject",
  "statusDate": "11/6/2019",
  "dateOfSubmit": "11/2/2019",
  "username": "nadelame",
  "isGroup": false
}
{
  "batch": 2021,
  "category": "Health",
  "firstname": "Jakeniel",
  "lastname": "Erim",
  "email": "jakeniel@gmail.com",
  "what": "Band Aid",
  "when": "10/6/2019",
  "why": "I need band Aid for my wounds",
  "status": "approved",
  "statusDate": "10/5/2019",
  "dateOfSubmit": "10/1/2019",
  "username": "Erimja",
  "isGroup": false
}
{
  "batch": 2021,
  "category": "Health",
  "firstname": "Jane",
  "lastname": "Repollo",
  "email": "jane@gmail.com",
  "what": "Efficascent",
  "when": "11/6/2019",
  "why": "Muscle Pain",
  "status": "approved",
  "statusDate": "11/4/2019",
  "dateOfSubmit": "11/1/2019",
  "username": "repolloja",
  "isGroup": true
}
{
  "batch": 2022,
  "category": "Others",
  "firstname": "Marjory",
  "lastname": "Mondido",
  "email": "marjory@gmail.com",
  "what": "Went to Santo Nino",
  "when": "11/18/2019",
  "why": "Attend mass",
  "status": "pending",
  "statusDate": "11/15/2019",
  "dateOfSubmit": "11/7/2019",
  "username": "mondidoma",
  "isGroup": false
}
{
  "batch": 2022,
  "category": "Others",
  "firstname": "Mary Mae",
  "lastname": "Pastidio",
  "email": "marymae@gmail.com",
  "what": "Go to Mambaling",
  "when": "11/30/2019",
  "why": "To attend Birthday",
  "status": "pending",
  "statusDate": "12/27/2019",
  "dateOfSubmit": "11/25/2019",
  "username": "pastidioma",
  "isGroup": false
}
{
  "batch": 2022,
  "category": "School Supplies",
  "firstname": "Jessa",
  "lastname": "Ortiz",
  "email": "jessa@gmail.com",
  "what": "Bag",
  "when": "10/10/2019",
  "why": "I will do to my cousin's house",
  "status": "approved",
  "statusDate": "10/5/2019",
  "dateOfSubmit": "10/1/2019",
  "username": "nadelame",
  "isGroup": true
}
{
  "batch": 2020,
  "category": "School Supplies",
  "firstname": "Jason",
  "lastname": "Mancao",
  "email": "jason@gmail.com",
  "what": "Bondpapers",
  "when": "10/20/2019",
  "why": "I need to print my project",
  "status": "approved",
  "statusDate": "10/23/2019",
  "dateOfSubmit": "10/11/2019",
  "username": "mancaoja",
  "isGroup": false
}
{
  "batch": 2020,
  "category": "School Supplies",
  "firstname": "Jymboy",
  "lastname": "Epilan",
  "email": "jimboy@gmail.com",
  "what": "Folder",
  "when": "10/10/2019",
  "why": "I need folder to compile my project",
  "status": "unread",
  "statusDate": "10/1/2019",
  "dateOfSubmit": "10/1/2019",
  "username": "epilanji",
  "isGroup": false
}
{
  "batch": 2020,
  "category": "Others",
  "firstname": "Cris Laurence",
  "lastname": "Araneta",
  "email": "crislaurence@gmail.com",
  "what": "CES",
  "when": "11/28/2019",
  "why": "Attend Community Extension Service",
  "status": "approved",
  "statusDate": "10/26/2019",
  "dateOfSubmit": "10/25/2019",
  "username": "aranetala",
  "isGroup": false
}
{
  "batch": 2021,
  "category": "Others",
  "firstname": "Sharmen Claire",
  "lastname": "Avila",
  "email": "sharmen@gmail.com",
  "what": "Went to Grand Mall",
  "when": "10/29/2019",
  "why": "I need to buy groceries",
  "status": "unread",
  "statusDate": "10/27/2019",
  "dateOfSubmit": "10/27/2019",
  "username": "avilash",
  "isGroup": false
}
{
  "batch": 2021,
  "category": "Others",
  "firstname": "Mary Grace",
  "lastname": "Tiburillo",
  "email": "grace@gmail.com",
  "what": "Go to Colon this Saturday",
  "when": "12/07/2019",
  "why": "I need to meet my brother for important matters",
  "status": "approved",
  "statusDate": "12/05/2019",
  "dateOfSubmit": "12/02/2019",
  "username": "tiburilloma",
  "isGroup": false
 } {
  "batch": 2021,
  "category": "Others",
  "firstname": "Jessa Mae",
  "lastname": "Yosores",
  "email": "jessa@gmail.com",
  "what": "Go to Lapu-Lapu this Saturday",
  "when": "12/12/2019",
  "why": "Birthday celebration of my mother",
  "status": "approved",
  "statusDate": "12/09/2019",
  "dateOfSubmit": "12/07/2019",
  "username": "yosoresje",
  "isGroup": false
 } {
  "batch": 2022,
  "category": "School Supplies",
  "firstname": "Maria Theresa",
  "lastname": "Amaquin",
  "email": "theresa@gmail.com",
  "what": "Need ballpen",
  "when": "12/05/2019",
  "why": "Ballpens are working anymore",
  "status": "approved",
  "statusDate": "12/04/2019",
  "dateOfSubmit": "12/02/2019",
  "username": "amaquinth",
  "isGroup": true
 } {
  "batch": 2020,
  "category": "Others",
  "firstname": "Jerome",
  "lastname": "Burce",
  "email": "john@gmail.com",
  "what": "Group C needs to extend comlab time",
  "when": "12/17/2019",
  "why": "More projects to make",
  "status": "approved",
  "statusDate": "12/10/2019",
  "dateOfSubmit": "12/07/2019",
  "username": "burceje",
  "isGroup": true
 } {
  "batch": 2021,
  "category": "Others",
  "firstname": "Lealyn",
  "lastname": "Eulin",
  "email": "lealyn@gmail.com",
  "what": "Group B needs mentoring ",
  "when": "12/16/2019",
  "why": "Difficulties in Java programming",
  "status": "approved",
  "statusDate": "12/09/2019",
  "dateOfSubmit": "12/07/2019",
  "username": "eulinle",
  "isGroup": true
 } {
  "batch": 2022,
  "category": "Others",
  "firstname": "Patrick",
  "lastname": "Cabi-an",
  "email": "pattrick@gmail.com",
  "what": "Go to G-Mall this Wednesday",
  "when": "12/05/2019",
  "why": "Buy personal supplies",
  "status": "pending",
  "statusDate": "12/02/2019",
  "dateOfSubmit": "12/01/2019",
  "username": "cabianpa",
  "isGroup": false
 } {
  "batch": 2021,
  "category": "Others",
  "firstname": "Irish",
  "lastname": "Rufo",
  "email": "irish@gmail.com",
  "what": "Go home",
  "when": "12/06/2019",
  "why": "Hometown fiesta celebration",
  "status": "pending",
  "statusDate": "12/05/2019",
  "dateOfSubmit": "12/04/2019",
  "username": "rufoir",
  "isGroup": false
 } {
  "batch": 2022,
  "category": "School Supplies",
  "firstname": "Jonathan",
  "lastname": "Rivas",
  "email": "rivas@gmail.com",
  "what": "Group C needs extra notebook",
  "when": "12/11/2019",
  "why": "Requirements for EDM",
  "status": "unread",
  "statusDate": "12/02/2019",
  "dateOfSubmit": "12/02/2019",
  "username": "rivasjo",
  "isGroup": true
 } {
  "batch": 2020,
  "category": "Others",
  "firstname": "Marion",
  "lastname": "Balugo",
  "email": "marion@gmail.com",
  "what": "Go to Colon this Saturday",
  "when": "12/15/2019",
  "why": "There will be DA and everyone must attend.",
  "status": "unread",
  "statusDate": "12/07/2019",
  "dateOfSubmit": "12/07/2019",
  "username": "balugoma",
  "isGroup": false
 } {
  "batch": 2020,
  "category": "Others",
  "firstname": "Jessa",
  "lastname": "Jalandoni",
  "email": "grace@gmail.com",
  "what": "Go to Colon this coming Saturday",
  "when": "12/14/2019",
  "why": "There will be PN talk and everyone must attend.",
  "status": "rejected",
  "statusDate": "12/10/2019",
  "dateOfSubmit": "12/08/2019",
  "username": "jalandonije",
  "isGroup": false
 }